{
  "BNB": {
    "amount": 1.5,
    "commis%": 0.02,
    "cur_buy_price": 300.2,
    "cur_stop_price": 298.3806,
    "cur_take_profit": 304.703,
    "desired_price_fall%": 0.5,
    "init_depo": 1000,
    "last_enter_price": 300.2,
    "last_prices": [
      310.2,
      309.1,
      308.9,
      310.06,
      309.7,
      309.8,
      309.8,
      309.9,
      309.2,
      309.4,
      309.2,
      309.0,
      309.5,
      309.5,
      309.3,
      309.1,
      309.4,
      309.3,
      309.4,
      309.4,
      308.9,
      308.8,
      309.0,
      306.22,
      307.0,
      300.9,
      300.4,
      300.2,
      300.0,
      299.8,
      299.6,
      299.8,
      299.7,
      299.9,
      299.7,
      299.6,
      299.3,
      299.8,
      300.1,
      299.9,
      300.2,
      300.1,
      299.8,
      300.1,
      300.2,
      300.3,
      299.6,
      299.7,
      299.8,
      300.2,
      298.7,
      298.9,
      298.7,
      299.0,
      299.4,
      299.4,
      299.1,
      299.7,
      299.8,
      300.2,
      300.2
    ],
    "net_step_level%": 1.5,
    "tral%": 0.7
  },
  "BTC": {
    "amount": 0.005,
    "commis%": 0.02,
    "cur_buy_price": 28887.59,
    "cur_stop_price": 28775.60515,
    "cur_take_profit": 29320.90385,
    "desired_price_fall%": 0.5,
    "init_depo": 1,
    "last_enter_price": 29081.16,
    "last_prices": [
      29498.71,
      29437.88,
      29404.04,
      29449.02,
      29444.83,
      29448.97,
      29431.15,
      29442.05,
      29400.01,
      29409.16,
      29400.79,
      29389.72,
      29440.04,
      29438.18,
      29433.01,
      29424.97,
      29432.4,
      29444.43,
      29448.92,
      29449.96,
      29431.78,
      29426.69,
      29436.46,
      29307.88,
      29327.99,
      29032.68,
      29000.24,
      28965.97,
      28959.19,
      28961.87,
      28959.68,
      28933.44,
      28949.2,
      28950.15,
      28920.83,
      28915.66,
      28898.97,
      28891.64,
      28908.93,
      28898.16,
      28921.49,
      28898.16,
      28857.27,
      28888.53,
      28895.8,
      28861.53,
      28856.2,
      28858.25,
      28874.27,
      28879.93,
      28787.12,
      28832.6,
      28825.01,
      28869.81,
      28872.72,
      28888.86,
      28936.15,
      28932.89,
      28903.59,
      28941.93,
      28960.0
    ],
    "net_step_level%": 1.5,
    "tral%": 0.7
  },
  "ETH": {
    "amount": 0.05,
    "commis%": 0.02,
    "cur_buy_price": 1766.84,
    "cur_stop_price": 982.83671,
    "cur_take_profit": 1793.3426,
    "desired_price_fall%": 0.5,
    "init_depo": 100,
    "last_enter_price": 1767.56,
    "last_prices": [
      1815.08,
      1815.73,
      1813.1,
      1813.67,
      1813.4,
      1816.28,
      1817.59,
      1819.34,
      1818.22,
      1817.23,
      1816.32,
      1819.7,
      1820.2,
      1819.96,
      1817.96,
      1817.37,
      1809.77,
      1798.21,
      1805.32,
      1784.89,
      1782.01,
      1779.18,
      1776.61,
      1776.42,
      1776.97,
      1774.37,
      1775.37,
      1775.18,
      1772.02,
      1771.39,
      1768.5,
      1768.61,
      1768.21,
      1770.06,
      1768.61,
      1769.59,
      1770.91,
      1769.18,
      1766.54,
      1767.66,
      1768.75,
      1768.59,
      1764.24,
      1763.79,
      1764.24,
      1763.99,
      1765.94,
      1765.73,
      1758.48,
      1760.27,
      1758.99,
      1757.57,
      1761.5,
      1764.83,
      1764.08,
      1764.75,
      1767.56,
      1767.61,
      1766.93,
      1765.09,
      1770.0
    ],
    "net_step_level%": 1.5,
    "tral%": 0.7
  },
  "time": [
    1653650065.1283195
  ]
}
